train_loss,val_loss,acc,nmi,ari
0.05867490544915199,0.011847496032714844,0.3597122302158273,0.001273522100300955,-0.0037836069875812847
