train_loss,val_loss
0.018817396834492683,0.007546703331172466
