train_loss,val_loss,acc,nmi,ari
0.021968845278024673,0.00971444696187973,0.35807422266800404,0.002388469111130596,-0.0007229194674776983
